HS Code,school_name,college_type,year,high_school_graduates,enrolled_in_alabama_public_colleges,enrolled_in_remedial_math,enrolled_in_remedial_english,enrolled_in_remedial_both,enrolled_in_remedial_total
340020,Abbeville High School,all,2024,46,20,2,1,0,3
340020,Abbeville High School,2YR,2024,46,11,2,0,0,2
340020,Abbeville High School,4YR,2024,46,9,0,1,0,1
8000010,Acceleration Day and Evening Academy,all,2024,105,16,2,3,1,6
8000010,Acceleration Day and Evening Academy,2YR,2024,105,12,2,3,1,6
8000010,Acceleration Day and Evening Academy,4YR,2024,105,4,0,0,0,0
670010,Addison High School,all,2024,42,16,4,0,0,4
670010,Addison High School,2YR,2024,42,11,3,0,0,3
670010,Addison High School,4YR,2024,42,5,1,0,0,1
420128,Alabama Connections Academy,all,2024,684,123,21,6,6,33
420128,Alabama Connections Academy,2YR,2024,684,80,14,6,6,26
420128,Alabama Connections Academy,4YR,2024,684,43,7,0,0,7
1210025,Alabama Destinations Career Academy,all,2024,65,16,2,0,1,3
1210025,Alabama Destinations Career Academy,2YR,2024,65,10,1,0,1,2
1210025,Alabama Destinations Career Academy,4YR,2024,65,6,1,0,0,1
1332060,Alabama Virtual Academy at Eufaula City,all,2024,218,51,6,4,1,11
1332060,Alabama Virtual Academy at Eufaula City,2YR,2024,218,24,1,3,1,5
1332060,Alabama Virtual Academy at Eufaula City,4YR,2024,218,27,5,1,0,6
520005,Albert P Brewer High School,all,2024,153,50,3,0,0,3
520005,Albert P Brewer High School,2YR,2024,153,35,2,0,0,2
520005,Albert P Brewer High School,4YR,2024,153,15,1,0,0,1
1010020,Albertville High School,all,2024,371,142,20,6,9,35
1010020,Albertville High School,2YR,2024,371,108,15,5,9,29
1010020,Albertville High School,4YR,2024,371,34,5,1,0,6
80010,Alexandria High School,all,2024,111,51,4,0,0,4
80010,Alexandria High School,2YR,2024,111,13,2,0,0,2
80010,Alexandria High School,4YR,2024,111,38,2,0,0,2
540020,Aliceville High School,all,2024,45,14,2,2,1,5
540020,Aliceville High School,2YR,2024,45,4,1,0,0,1
540020,Aliceville High School,4YR,2024,45,10,1,2,1,4
490136,Alma Bryant High School,all,2024,362,103,8,4,3,15
490136,Alma Bryant High School,2YR,2024,362,45,7,2,3,12
490136,Alma Bryant High School,4YR,2024,362,58,1,2,0,3
460010,Amelia L. Johnson High School,all,2024,17,8,2,0,0,2
460010,Amelia L. Johnson High School,2YR,2024,17,3,0,0,0,0
460010,Amelia L. Johnson High School,4YR,2024,17,5,2,0,0,2
1040010,Andalusia High School,all,2024,117,75,3,3,2,8
1040010,Andalusia High School,2YR,2024,117,40,3,1,2,6
1040010,Andalusia High School,4YR,2024,117,35,0,2,0,2
1050010,Anniston High School,all,2024,93,39,3,9,1,13
1050010,Anniston High School,2YR,2024,93,14,0,2,0,2
1050010,Anniston High School,4YR,2024,93,25,3,7,1,11
50020,Appalachian School,all,2024,34,8,0,0,0,0
50020,Appalachian School,2YR,2024,34,7,0,0,0,0
50020,Appalachian School,4YR,2024,34,1,0,0,0,0
1060020,Arab High School,all,2024,159,97,8,4,0,12
1060020,Arab High School,2YR,2024,159,66,6,4,0,10
1060020,Arab High School,4YR,2024,159,31,2,0,0,2
420010,Ardmore High School,all,2024,122,52,2,2,0,4
420010,Ardmore High School,2YR,2024,122,25,1,1,0,2
420010,Ardmore High School,4YR,2024,122,27,1,1,0,2
230010,Ariton School,all,2024,61,36,3,0,1,4
230010,Ariton School,2YR,2024,61,19,2,0,1,3
230010,Ariton School,4YR,2024,61,17,1,0,0,1
480030,Asbury High School,all,2024,78,31,4,2,3,9
480030,Asbury High School,2YR,2024,78,23,4,2,3,9
480030,Asbury High School,4YR,2024,78,8,0,0,0,0
350010,Ashford High School,all,2024,89,40,2,5,0,7
350010,Ashford High School,2YR,2024,89,24,0,1,0,1
350010,Ashford High School,4YR,2024,89,16,2,4,0,6
580010,Ashville High School,all,2024,72,32,4,0,0,4
580010,Ashville High School,2YR,2024,72,12,2,0,0,2
580010,Ashville High School,4YR,2024,72,20,2,0,0,2
1070030,Athens High School,all,2024,254,130,13,7,3,23
1070030,Athens High School,2YR,2024,254,53,8,4,1,13
1070030,Athens High School,4YR,2024,254,77,5,3,2,10
1070025,Athens Renaissance School,all,2024,65,27,2,2,2,6
1070025,Athens Renaissance School,2YR,2024,65,18,2,2,2,6
1070025,Athens Renaissance School,4YR,2024,65,9,0,0,0,0
1100010,Auburn High School,all,2024,697,412,29,14,13,56
1100010,Auburn High School,2YR,2024,697,139,25,12,10,47
1100010,Auburn High School,4YR,2024,697,273,4,2,3,9
1270010,Austin High School,all,2024,305,137,9,9,6,24
1270010,Austin High School,2YR,2024,305,52,7,4,5,16
1270010,Austin High School,4YR,2024,305,85,2,5,1,8
10015,Autaugaville School,all,2024,15,4,0,0,0,0
10015,Autaugaville School,2YR,2024,15,3,0,0,0,0
10015,Autaugaville School,4YR,2024,15,1,0,0,0,0
490100,Baker High School,all,2024,594,273,11,10,6,27
490100,Baker High School,2YR,2024,594,76,5,8,5,18
490100,Baker High School,4YR,2024,594,197,6,2,1,9
20005,Baldwin County High School,all,2024,212,88,7,1,1,9
20005,Baldwin County High School,2YR,2024,212,54,7,0,0,7
20005,Baldwin County High School,4YR,2024,212,34,0,1,1,2
20185,Baldwin County Virtual School,all,2024,75,25,4,1,1,6
20185,Baldwin County Virtual School,2YR,2024,75,12,4,1,1,6
20185,Baldwin County Virtual School,4YR,2024,75,13,0,0,0,0
30020,Barbour County High School,all,2024,30,7,0,0,0,0
30020,Barbour County High School,2YR,2024,30,6,0,0,0,0
30020,Barbour County High School,4YR,2024,30,1,0,0,0,0
610020,BB Comer Memorial High School,all,2024,64,23,3,3,3,9
610020,BB Comer Memorial High School,2YR,2024,64,9,0,2,1,3
610020,BB Comer Memorial High School,4YR,2024,64,14,3,1,2,6
1140025,BCS Virtual Academy of Learning,all,2024,34,8,3,1,0,4
1140025,BCS Virtual Academy of Learning,2YR,2024,34,3,2,0,0,2
1140025,BCS Virtual Academy of Learning,4YR,2024,34,5,1,1,0,2
410010,Beauregard High School,all,2024,120,54,5,3,0,8
410010,Beauregard High School,2YR,2024,120,35,3,3,0,6
410010,Beauregard High School,4YR,2024,120,19,2,0,0,2
300010,Belgreen High School,all,2024,28,11,0,0,1,1
300010,Belgreen High School,2YR,2024,28,10,0,0,1,1
300010,Belgreen High School,4YR,2024,28,1,0,0,0,0
490080,Ben C Rain High School,all,2024,126,34,0,4,1,5
490080,Ben C Rain High School,2YR,2024,126,12,0,2,1,3
490080,Ben C Rain High School,4YR,2024,126,22,0,2,0,2
1020020,Benjamin Russell High School,all,2024,167,82,10,3,2,15
1020020,Benjamin Russell High School,2YR,2024,167,50,5,2,2,9
1020020,Benjamin Russell High School,4YR,2024,167,32,5,1,0,6
290020,Berry High School,all,2024,19,10,1,0,0,1
290020,Berry High School,2YR,2024,19,6,1,0,0,1
290020,Berry High School,4YR,2024,19,4,0,0,0,0
1130080,Bessemer City High School,all,2024,191,44,3,5,2,10
1130080,Bessemer City High School,2YR,2024,191,17,3,1,2,6
1130080,Bessemer City High School,4YR,2024,191,27,0,4,0,4
410020,Beulah High School,all,2024,62,25,4,1,0,5
410020,Beulah High School,2YR,2024,62,22,3,1,0,4
410020,Beulah High School,4YR,2024,62,3,1,0,0,1
40010,Bibb County High School,all,2024,98,46,7,3,3,13
40010,Bibb County High School,2YR,2024,98,22,4,0,3,7
40010,Bibb County High School,4YR,2024,98,24,3,3,0,6
10040,Billingsley High School,all,2024,40,14,0,0,0,0
10040,Billingsley High School,2YR,2024,40,6,0,0,0,0
10040,Billingsley High School,4YR,2024,40,8,0,0,0,0
1150060,Boaz High School,all,2024,153,76,6,4,3,13
1150060,Boaz High School,2YR,2024,153,58,4,4,3,11
1150060,Boaz High School,4YR,2024,153,18,2,0,0,2
1690080,Bob Jones High School,all,2024,479,218,13,7,5,25
1690080,Bob Jones High School,2YR,2024,479,59,10,3,4,17
1690080,Bob Jones High School,4YR,2024,479,159,3,4,1,8
440010,Booker T Washington High,all,2024,105,42,2,10,2,14
440010,Booker T Washington High,2YR,2024,105,6,0,0,1,1
440010,Booker T Washington High,4YR,2024,105,36,2,10,1,13
510060,Booker T Washington Magnet High School,all,2024,100,54,4,4,1,9
510060,Booker T Washington Magnet High School,2YR,2024,100,3,0,0,0,0
510060,Booker T Washington Magnet High School,4YR,2024,100,51,4,4,1,9
210010,Brantley High School,all,2024,37,18,1,0,1,2
210010,Brantley High School,2YR,2024,37,10,0,0,1,1
210010,Brantley High School,4YR,2024,37,8,1,0,0,1
510097,Brewbaker Technology Magnet High School,all,2024,139,84,4,5,0,9
510097,Brewbaker Technology Magnet High School,2YR,2024,139,12,1,0,0,1
510097,Brewbaker Technology Magnet High School,4YR,2024,139,72,3,5,0,8
470010,Brilliant School,all,2024,16,6,1,0,0,1
470010,Brilliant School,2YR,2024,16,5,0,0,0,0
470010,Brilliant School,4YR,2024,16,1,1,0,0,1
480042,Brindlee Mountain High School,all,2024,66,16,3,0,0,3
480042,Brindlee Mountain High School,2YR,2024,66,10,1,0,0,1
480042,Brindlee Mountain High School,4YR,2024,66,6,2,0,0,2
390020,Brooks High School,all,2024,117,53,2,2,0,4
390020,Brooks High School,2YR,2024,117,25,2,0,0,2
390020,Brooks High School,4YR,2024,117,28,0,2,0,2
630030,Brookwood High School,all,2024,246,92,12,5,2,19
630030,Brookwood High School,2YR,2024,246,48,9,2,1,12
630030,Brookwood High School,4YR,2024,246,44,3,3,1,7
450030,Buckhorn High School,all,2024,277,148,20,8,2,30
450030,Buckhorn High School,2YR,2024,277,54,14,2,1,17
450030,Buckhorn High School,4YR,2024,277,94,6,6,1,13
60050,Bullock County High School,all,2024,81,23,2,4,0,6
60050,Bullock County High School,2YR,2024,81,12,0,1,0,1
60050,Bullock County High School,4YR,2024,81,11,2,3,0,5
590010,Calera High,all,2024,236,110,12,6,5,23
590010,Calera High,2YR,2024,236,38,3,1,4,8
590010,Calera High,4YR,2024,236,72,9,5,1,15
430015,Calhoun High School,all,2024,39,9,1,0,1,2
430015,Calhoun High School,2YR,2024,39,9,1,0,1,2
430015,Calhoun High School,4YR,2024,39,0,0,0,0,0
640020,Carbon Hill High School,all,2024,80,22,9,0,0,9
640020,Carbon Hill High School,2YR,2024,80,19,8,0,0,8
640020,Carbon Hill High School,4YR,2024,80,3,1,0,0,1
1820010,Carroll High School,all,2024,147,58,3,2,1,6
1820010,Carroll High School,2YR,2024,147,27,1,0,1,2
1820010,Carroll High School,4YR,2024,147,31,2,2,0,4
510130,Carver Senior High School,all,2024,192,59,6,14,4,24
510130,Carver Senior High School,2YR,2024,192,23,5,3,2,10
510130,Carver Senior High School,4YR,2024,192,36,1,11,2,14
100020,Cedar Bluff High School,all,2024,38,12,1,1,0,2
100020,Cedar Bluff High School,2YR,2024,38,5,0,1,0,1
100020,Cedar Bluff High School,4YR,2024,38,7,1,0,0,1
370280,Center Point High School,all,2024,180,46,10,4,3,17
370280,Center Point High School,2YR,2024,180,19,4,3,2,9
370280,Center Point High School,4YR,2024,180,27,6,1,1,8
140085,Central High School of Clay County,all,2024,122,38,7,0,0,7
140085,Central High School of Clay County,2YR,2024,122,25,3,0,0,3
140085,Central High School of Clay County,4YR,2024,122,13,4,0,0,4
190005,Central High School,all,2024,59,27,2,1,1,4
190005,Central High School,2YR,2024,59,16,1,1,1,3
190005,Central High School,4YR,2024,59,11,1,0,0,1
390030,Central High School,all,2024,86,31,0,1,1,2
390030,Central High School,2YR,2024,86,11,0,0,1,1
390030,Central High School,4YR,2024,86,20,0,1,0,1
430025,Central High School,all,2024,34,7,1,0,0,1
430025,Central High School,2YR,2024,34,3,0,0,0,0
430025,Central High School,4YR,2024,34,4,1,0,0,1
1840030,Central High School,all,2024,452,165,17,13,5,35
1840030,Central High School,2YR,2024,452,60,7,0,4,11
1840030,Central High School,4YR,2024,452,105,10,13,1,24
2000160,Central High School,all,2024,174,65,7,7,6,20
2000160,Central High School,2YR,2024,174,34,3,4,5,12
2000160,Central High School,4YR,2024,174,31,4,3,1,8
490750,CF Vigor High School,all,2024,113,34,3,1,2,6
490750,CF Vigor High School,2YR,2024,113,22,2,0,1,3
490750,CF Vigor High School,4YR,2024,113,12,1,1,1,3
1990010,Charles Henderson High School,all,2024,129,53,5,9,3,17
1990010,Charles Henderson High School,2YR,2024,129,12,0,1,1,2
1990010,Charles Henderson High School,4YR,2024,129,41,5,8,2,15
590020,Chelsea High School,all,2024,314,197,7,4,4,15
590020,Chelsea High School,2YR,2024,314,69,5,1,3,9
590020,Chelsea High School,4YR,2024,314,128,2,3,1,6
100050,Cherokee County High School,all,2024,100,42,2,2,2,6
100050,Cherokee County High School,2YR,2024,100,25,1,2,2,5
100050,Cherokee County High School,4YR,2024,100,17,1,0,0,1
170060,Cherokee High School,all,2024,36,13,1,0,0,1
170060,Cherokee High School,2YR,2024,36,6,1,0,0,1
170060,Cherokee High School,4YR,2024,36,7,0,0,0,0
1210020,Chickasaw City High School,all,2024,37,8,1,0,2,3
1210020,Chickasaw City High School,2YR,2024,37,7,0,0,2,2
1210020,Chickasaw City High School,4YR,2024,37,1,1,0,0,1
610050,Childersburg High School,all,2024,81,30,3,2,1,6
610050,Childersburg High School,2YR,2024,81,14,3,0,1,4
610050,Childersburg High School,4YR,2024,81,16,0,2,0,2
110010,Chilton County High School,all,2024,187,56,4,5,1,10
110010,Chilton County High School,2YR,2024,187,31,2,1,1,4
110010,Chilton County High School,4YR,2024,187,25,2,4,0,6
120020,Choctaw County High School,all,2024,37,12,2,1,1,4
120020,Choctaw County High School,2YR,2024,37,2,0,1,0,1
120020,Choctaw County High School,4YR,2024,37,10,2,0,1,3
490190,Citronelle High School,all,2024,160,47,4,3,2,9
490190,Citronelle High School,2YR,2024,160,23,4,0,2,6
490190,Citronelle High School,4YR,2024,160,24,0,3,0,3
130010,Clarke County High School,all,2024,47,20,2,2,1,5
130010,Clarke County High School,2YR,2024,47,12,0,2,1,3
130010,Clarke County High School,4YR,2024,47,8,2,0,0,2
370185,Clay-Chalkville High School,all,2024,300,118,15,10,3,28
370185,Clay-Chalkville High School,2YR,2024,300,36,1,4,3,8
370185,Clay-Chalkville High School,4YR,2024,300,82,14,6,0,20
150020,Cleburne County High School,all,2024,109,50,6,1,0,7
150020,Cleburne County High School,2YR,2024,109,26,3,1,0,4
150020,Cleburne County High School,4YR,2024,109,24,3,0,0,3
420020,Clements High School,all,2024,69,20,0,1,1,2
420020,Clements High School,2YR,2024,69,13,0,1,1,2
420020,Clements High School,4YR,2024,69,7,0,0,0,0
50040,Cleveland High School,all,2024,39,17,0,0,0,0
50040,Cleveland High School,2YR,2024,39,14,0,0,0,0
50040,Cleveland High School,4YR,2024,39,3,0,0,0,0
170070,Colbert County High School,all,2024,73,27,4,1,1,6
170070,Colbert County High School,2YR,2024,73,18,4,0,0,4
170070,Colbert County High School,4YR,2024,73,9,0,1,1,2
170080,Colbert Heights High School,all,2024,71,29,0,1,0,1
170080,Colbert Heights High School,2YR,2024,71,17,0,0,0,0
170080,Colbert Heights High School,4YR,2024,71,12,0,1,0,1
220030,Cold Springs High School,all,2024,55,30,3,1,1,5
220030,Cold Springs High School,2YR,2024,55,26,2,1,1,4
220030,Cold Springs High School,4YR,2024,55,4,1,0,0,1
250030,Collinsville High School,all,2024,48,12,0,0,0,0
250030,Collinsville High School,2YR,2024,48,11,0,0,0,0
250030,Collinsville High School,4YR,2024,48,1,0,0,0,0
1590052,Columbia High School,all,2024,185,0,0,0,0,0
1590052,Columbia High School,2YR,2024,185,0,0,0,0,0
1590052,Columbia High School,4YR,2024,185,0,0,0,0,0
640050,Cordova High School,all,2024,110,43,4,6,0,10
640050,Cordova High School,2YR,2024,110,33,4,4,0,8
640050,Cordova High School,4YR,2024,110,10,0,2,0,2
370210,Corner High School,all,2024,133,67,11,0,0,11
370210,Corner High School,2YR,2024,133,43,5,0,0,5
370210,Corner High School,4YR,2024,133,24,6,0,0,6
350020,Cottonwood High School,all,2024,63,22,2,0,2,4
350020,Cottonwood High School,2YR,2024,63,12,0,0,0,0
350020,Cottonwood High School,4YR,2024,63,10,2,0,2,4
250045,Crossville High School,all,2024,138,44,2,2,2,6
250045,Crossville High School,2YR,2024,138,40,1,2,2,5
250045,Crossville High School,4YR,2024,138,4,1,0,0,1
1250020,Cullman High School,all,2024,217,133,6,1,3,10
1250020,Cullman High School,2YR,2024,217,70,4,0,3,7
1250020,Cullman High School,4YR,2024,217,63,2,1,0,3
640070,Curry High School,all,2024,88,30,8,1,3,12
640070,Curry High School,2YR,2024,88,27,8,1,3,12
640070,Curry High School,4YR,2024,88,3,0,0,0,0
620020,Dadeville High School,all,2024,74,25,3,1,0,4
620020,Dadeville High School,2YR,2024,74,9,0,1,0,1
620020,Dadeville High School,4YR,2024,74,16,3,0,0,3
230020,Dale County High School,all,2024,98,43,3,6,1,10
230020,Dale County High School,2YR,2024,98,27,2,2,0,4
230020,Dale County High School,4YR,2024,98,16,1,4,1,6
1260010,Daleville High School,all,2024,55,25,1,3,0,4
1260010,Daleville High School,2YR,2024,55,15,1,0,0,1
1260010,Daleville High School,4YR,2024,55,10,0,3,0,3
240020,Dallas County High School,all,2024,90,48,2,2,0,4
240020,Dallas County High School,2YR,2024,90,28,1,1,0,2
240020,Dallas County High School,4YR,2024,90,20,1,1,0,2
520030,Danville High School,all,2024,82,22,1,0,0,1
520030,Danville High School,2YR,2024,82,19,1,0,0,1
520030,Danville High School,4YR,2024,82,3,0,0,0,0
20035,Daphne High School,all,2024,380,187,15,8,1,24
20035,Daphne High School,2YR,2024,380,78,11,4,1,16
20035,Daphne High School,4YR,2024,380,109,4,4,0,8
1270030,Decatur High School,all,2024,210,79,3,2,4,9
1270030,Decatur High School,2YR,2024,210,24,3,1,3,7
1270030,Decatur High School,4YR,2024,210,55,0,1,1,2
1280050,Demopolis High School,all,2024,152,90,4,3,2,9
1280050,Demopolis High School,2YR,2024,152,29,3,0,0,3
1280050,Demopolis High School,4YR,2024,152,61,1,3,2,6
2010010,Deshler High School,all,2024,98,40,0,4,0,4
2010010,Deshler High School,2YR,2024,98,21,0,0,0,0
2010010,Deshler High School,4YR,2024,98,19,0,4,0,4
640080,Dora High School,all,2024,105,43,10,0,0,10
640080,Dora High School,2YR,2024,105,28,9,0,0,9
640080,Dora High School,4YR,2024,105,15,1,0,0,1
1300025,Dothan City Virtual School,all,2024,62,12,0,2,0,2
1300025,Dothan City Virtual School,2YR,2024,62,7,0,1,0,1
1300025,Dothan City Virtual School,4YR,2024,62,5,0,1,0,1
1300115,Dothan High School,all,2024,409,137,14,8,2,24
1300115,Dothan High School,2YR,2024,409,68,9,2,2,13
1300115,Dothan High School,4YR,2024,409,69,5,6,0,11
480100,Douglas High School,all,2024,130,49,5,1,3,9
480100,Douglas High School,2YR,2024,130,42,5,1,3,9
480100,Douglas High School,4YR,2024,130,7,0,0,0,0
400020,East Lawrence High School,all,2024,99,42,1,1,3,5
400020,East Lawrence High School,2YR,2024,99,21,0,0,3,3
400020,East Lawrence High School,4YR,2024,99,21,1,1,0,2
420030,East Limestone High School,all,2024,169,80,2,6,1,9
420030,East Limestone High School,2YR,2024,169,40,1,4,1,6
420030,East Limestone High School,4YR,2024,169,40,1,2,0,3
260095,EDGE Virtual School,all,2024,76,10,0,0,1,1
260095,EDGE Virtual School,2YR,2024,76,8,0,0,1,1
260095,EDGE Virtual School,4YR,2024,76,2,0,0,0,0
1310020,Elba High School,all,2024,43,19,0,1,1,2
1310020,Elba High School,2YR,2024,43,11,0,0,1,1
1310020,Elba High School,4YR,2024,43,8,0,1,0,1
20050,Elberta High School,all,2024,156,41,5,1,0,6
20050,Elberta High School,2YR,2024,156,21,3,1,0,4
20050,Elberta High School,4YR,2024,156,20,2,0,0,2
420050,Elkmont High School,all,2024,85,24,2,0,1,3
420050,Elkmont High School,2YR,2024,85,16,2,0,1,3
420050,Elkmont High School,4YR,2024,85,8,0,0,0,0
260010,Elmore County High School,all,2024,106,54,6,2,2,10
260010,Elmore County High School,2YR,2024,106,29,3,1,1,5
260010,Elmore County High School,4YR,2024,106,25,3,1,1,5
1320050,Enterprise High School,all,2024,463,227,9,10,8,27
1320050,Enterprise High School,2YR,2024,463,114,4,5,6,15
1320050,Enterprise High School,4YR,2024,463,113,5,5,2,12
270025,Escambia County High School,all,2024,93,27,2,1,1,4
270025,Escambia County High School,2YR,2024,93,13,0,0,1,1
270025,Escambia County High School,4YR,2024,93,14,2,1,0,3
1090025,Etowah High School,all,2024,115,51,9,2,0,11
1090025,Etowah High School,2YR,2024,115,31,6,2,0,8
1090025,Etowah High School,4YR,2024,115,20,3,0,0,3
1330010,Eufaula High School,all,2024,153,65,8,10,4,22
1330010,Eufaula High School,2YR,2024,153,34,7,2,2,11
1330010,Eufaula High School,4YR,2024,153,31,1,8,2,11
80085,EXCEL Academy,all,2024,23,4,1,0,0,1
80085,EXCEL Academy,2YR,2024,23,3,1,0,0,1
80085,EXCEL Academy,4YR,2024,23,1,0,0,0,0
500020,Excel High School,all,2024,71,40,4,2,2,8
500020,Excel High School,2YR,2024,71,33,4,2,2,8
500020,Excel High School,4YR,2024,71,7,0,0,0,0
1370020,Fairfield High Preparatory School,all,2024,121,7,3,0,0,3
1370020,Fairfield High Preparatory School,2YR,2024,121,3,1,0,0,1
1370020,Fairfield High Preparatory School,4YR,2024,121,4,2,0,0,2
20065,Fairhope High School,all,2024,365,196,11,4,2,17
20065,Fairhope High School,2YR,2024,365,65,7,4,2,13
20065,Fairhope High School,4YR,2024,365,131,4,0,0,4
220060,Fairview High School,all,2024,129,62,2,1,3,6
220060,Fairview High School,2YR,2024,129,44,2,0,1,3
220060,Fairview High School,4YR,2024,129,18,0,1,2,3
520060,Falkville High School,all,2024,50,18,1,0,0,1
520060,Falkville High School,2YR,2024,50,17,1,0,0,1
520060,Falkville High School,4YR,2024,50,1,0,0,0,0
290025,Fayette County High School,all,2024,90,46,4,1,1,6
290025,Fayette County High School,2YR,2024,90,29,4,0,1,5
290025,Fayette County High School,4YR,2024,90,17,0,1,0,1
610080,Fayetteville High School,all,2024,47,29,2,0,0,2
610080,Fayetteville High School,2YR,2024,47,13,1,0,0,1
610080,Fayetteville High School,4YR,2024,47,16,1,0,0,1
270050,Flomaton High School,all,2024,78,30,6,1,2,9
270050,Flomaton High School,2YR,2024,78,23,6,1,2,9
270050,Flomaton High School,4YR,2024,78,7,0,0,0,0
200040,Florala High School,all,2024,27,13,1,1,1,3
200040,Florala High School,2YR,2024,27,11,1,0,1,2
200040,Florala High School,4YR,2024,27,2,0,1,0,1
1410020,Florence High School,all,2024,345,151,12,7,4,23
1410020,Florence High School,2YR,2024,345,57,8,1,3,12
1410020,Florence High School,4YR,2024,345,94,4,6,1,11
20083,Foley High School,all,2024,327,103,4,5,2,11
20083,Foley High School,2YR,2024,327,51,3,4,1,8
20083,Foley High School,4YR,2024,327,52,1,1,1,3
1430020,Fort Payne High School,all,2024,258,138,7,4,4,15
1430020,Fort Payne High School,2YR,2024,258,84,6,4,4,14
1430020,Fort Payne High School,4YR,2024,258,54,1,0,0,1
530025,Francis Marion School,all,2024,48,15,1,2,3,6
530025,Francis Marion School,2YR,2024,48,9,1,1,2,4
530025,Francis Marion School,4YR,2024,48,6,0,1,1,2
650030,Fruitdale High School,all,2024,27,11,2,0,0,2
650030,Fruitdale High School,2YR,2024,27,3,1,0,0,1
650030,Fruitdale High School,4YR,2024,27,8,1,0,0,1
370295,Fultondale High School,all,2024,91,40,6,2,0,8
370295,Fultondale High School,2YR,2024,91,22,0,1,0,1
370295,Fultondale High School,4YR,2024,91,18,6,1,0,7
250065,Fyffe High School,all,2024,52,26,2,1,1,4
250065,Fyffe High School,2YR,2024,52,25,2,1,1,4
250065,Fyffe High School,4YR,2024,52,1,0,0,0,0
1440135,Gadsden City High School,all,2024,281,137,20,5,8,33
1440135,Gadsden City High School,2YR,2024,281,62,10,3,7,20
1440135,Gadsden City High School,4YR,2024,281,75,10,2,1,13
370310,Gardendale High School,all,2024,229,112,12,8,4,24
370310,Gardendale High School,2YR,2024,229,45,5,3,2,10
370310,Gardendale High School,4YR,2024,229,67,7,5,2,14
280040,Gaston High School,all,2024,49,20,2,2,1,5
280040,Gaston High School,2YR,2024,49,14,1,2,1,4
280040,Gaston High School,4YR,2024,49,6,1,0,0,1
100060,Gaylesville High School,all,2024,31,13,0,0,0,0
100060,Gaylesville High School,2YR,2024,31,9,0,0,0,0
100060,Gaylesville High School,4YR,2024,31,4,0,0,0,0
180090,Genesis Innovative School,all,2024,62,14,1,0,0,1
180090,Genesis Innovative School,2YR,2024,62,8,1,0,0,1
180090,Genesis Innovative School,4YR,2024,62,6,0,0,0,0
310020,Geneva County High School,all,2024,46,25,1,0,0,1
310020,Geneva County High School,2YR,2024,46,20,0,0,0,0
310020,Geneva County High School,4YR,2024,46,5,1,0,0,1
1460010,Geneva High School,all,2024,84,52,3,3,0,6
1460010,Geneva High School,2YR,2024,84,35,2,2,0,4
1460010,Geneva High School,4YR,2024,84,17,1,1,0,2
230040,George W Long High School,all,2024,47,29,0,1,0,1
230040,George W Long High School,2YR,2024,47,12,0,0,0,0
230040,George W Long High School,4YR,2024,47,17,0,1,0,1
1140095,George Washington Carver High School,all,2024,104,29,4,3,0,7
1140095,George Washington Carver High School,2YR,2024,104,15,2,0,0,2
1140095,George Washington Carver High School,4YR,2024,104,14,2,3,0,5
70085,Georgiana School,all,2024,26,8,1,0,0,1
70085,Georgiana School,2YR,2024,26,6,0,0,0,0
70085,Georgiana School,4YR,2024,26,2,1,0,0,1
250070,Geraldine School,all,2024,77,21,1,0,0,1
250070,Geraldine School,2YR,2024,77,19,1,0,0,1
250070,Geraldine School,4YR,2024,77,2,0,0,0,0
280060,Glencoe High School,all,2024,61,37,5,1,1,7
280060,Glencoe High School,2YR,2024,61,22,2,1,1,4
280060,Glencoe High School,4YR,2024,61,15,3,0,0,3
220080,Good Hope High School,all,2024,104,39,3,1,0,4
220080,Good Hope High School,2YR,2024,104,32,3,1,0,4
220080,Good Hope High School,4YR,2024,104,7,0,0,0,0
540070,Gordo High School,all,2024,71,21,3,0,0,3
540070,Gordo High School,2YR,2024,71,16,3,0,0,3
540070,Gordo High School,4YR,2024,71,5,0,0,0,0
550030,Goshen High School,all,2024,53,28,0,4,2,6
550030,Goshen High School,2YR,2024,53,11,0,2,1,3
550030,Goshen High School,4YR,2024,53,17,0,2,1,3
320030,Greene County High School,all,2024,49,14,5,2,0,7
320030,Greene County High School,2YR,2024,49,5,1,2,0,3
320030,Greene County High School,4YR,2024,49,9,4,0,0,4
330043,Greensboro High School,all,2024,55,21,1,5,1,7
330043,Greensboro High School,2YR,2024,55,12,1,3,0,4
330043,Greensboro High School,4YR,2024,55,9,0,2,1,3
70030,Greenville High School,all,2024,108,44,7,5,1,13
70030,Greenville High School,2YR,2024,108,35,7,3,1,11
70030,Greenville High School,4YR,2024,108,9,0,2,0,2
1520030,Gulf Shores High School,all,2024,193,74,2,6,3,11
1520030,Gulf Shores High School,2YR,2024,193,39,2,6,3,11
1520030,Gulf Shores High School,4YR,2024,193,35,0,0,0,0
1540040,Guntersville High School,all,2024,114,78,4,3,2,9
1540040,Guntersville High School,2YR,2024,114,45,1,3,1,5
1540040,Guntersville High School,4YR,2024,114,33,3,0,1,4
470070,Hackleburg High School,all,2024,31,8,2,0,0,2
470070,Hackleburg High School,2YR,2024,31,5,1,0,0,1
470070,Hackleburg High School,4YR,2024,31,3,1,0,0,1
330050,Hale County High School,all,2024,92,33,3,3,2,8
330050,Hale County High School,2YR,2024,92,25,1,3,1,5
330050,Hale County High School,4YR,2024,92,8,2,0,1,3
1550030,Haleyville High School,all,2024,108,56,7,3,0,10
1550030,Haleyville High School,2YR,2024,108,42,6,3,0,9
1550030,Haleyville High School,4YR,2024,108,14,1,0,0,1
470090,Hamilton High School,all,2024,101,43,10,1,0,11
470090,Hamilton High School,2YR,2024,101,30,9,0,0,9
470090,Hamilton High School,4YR,2024,101,13,1,1,0,2
220090,Hanceville High School,all,2024,88,32,2,0,3,5
220090,Hanceville High School,2YR,2024,88,22,2,0,3,5
220090,Hanceville High School,4YR,2024,88,10,0,0,0,0
1880020,Handley High School,all,2024,111,51,8,2,3,13
1880020,Handley High School,2YR,2024,111,36,8,2,3,13
1880020,Handley High School,4YR,2024,111,15,0,0,0,0
1560040,Hartselle High School,all,2024,240,137,10,4,1,15
1560040,Hartselle High School,2YR,2024,240,73,8,3,1,12
1560040,Hartselle High School,4YR,2024,240,64,2,1,0,3
400050,Hatton High School,all,2024,64,24,0,1,1,2
400050,Hatton High School,2YR,2024,64,18,0,1,1,2
400050,Hatton High School,4YR,2024,64,6,0,0,0,0
50050,Hayden High School,all,2024,140,59,7,2,1,10
50050,Hayden High School,2YR,2024,140,43,5,2,1,8
50050,Hayden High School,4YR,2024,140,16,2,0,0,2
450070,Hazel Green High School,all,2024,289,130,12,6,7,25
450070,Hazel Green High School,2YR,2024,289,62,6,4,7,17
450070,Hazel Green High School,4YR,2024,289,68,6,2,0,8
340040,Headland High School,all,2024,135,70,3,4,3,10
340040,Headland High School,2YR,2024,135,39,1,2,3,6
340040,Headland High School,4YR,2024,135,31,2,2,0,4
590051,Helena High School,all,2024,346,205,21,4,3,28
590051,Helena High School,2YR,2024,346,65,6,1,1,8
590051,Helena High School,4YR,2024,346,140,15,3,2,20
2050890,Hewitt-Trussville High School,all,2024,375,239,14,12,7,33
2050890,Hewitt-Trussville High School,2YR,2024,375,60,3,4,7,14
2050890,Hewitt-Trussville High School,4YR,2024,375,179,11,8,0,19
210030,Highland Home School,all,2024,45,30,1,1,4,6
210030,Highland Home School,2YR,2024,45,18,1,0,3,4
210030,Highland Home School,4YR,2024,45,12,0,1,1,2
180035,Hillcrest High School,all,2024,69,36,3,3,2,8
180035,Hillcrest High School,2YR,2024,69,22,3,1,2,6
180035,Hillcrest High School,4YR,2024,69,14,0,2,0,2
630100,Hillcrest High School,all,2024,304,145,11,11,5,27
630100,Hillcrest High School,2YR,2024,304,74,6,6,4,16
630100,Hillcrest High School,4YR,2024,304,71,5,5,1,11
280075,Hokes Bluff High School,all,2024,86,50,8,0,0,8
280075,Hokes Bluff High School,2YR,2024,86,27,1,0,0,1
280075,Hokes Bluff High School,4YR,2024,86,23,7,0,0,7
220100,Holly Pond High School,all,2024,63,25,1,1,0,2
220100,Holly Pond High School,2YR,2024,63,18,1,1,0,2
220100,Holly Pond High School,4YR,2024,63,7,0,0,0,0
630120,Holt High School,all,2024,74,19,3,1,0,4
630120,Holt High School,2YR,2024,74,16,3,0,0,3
630120,Holt High School,4YR,2024,74,3,0,1,0,1
260020,Holtville High School,all,2024,136,69,7,1,2,10
260020,Holtville High School,2YR,2024,136,31,2,1,2,5
260020,Holtville High School,4YR,2024,136,38,5,0,0,5
1570035,Homewood High School,all,2024,290,153,7,3,4,14
1570035,Homewood High School,2YR,2024,290,14,1,0,3,4
1570035,Homewood High School,4YR,2024,290,139,6,3,1,10
1580400,Hoover High School,all,2024,633,362,21,7,7,35
1580400,Hoover High School,2YR,2024,633,67,7,1,3,11
1580400,Hoover High School,4YR,2024,633,295,14,6,4,24
620065,Horseshoe Bend High School,all,2024,58,21,1,1,1,3
620065,Horseshoe Bend High School,2YR,2024,58,13,1,1,1,3
620065,Horseshoe Bend High School,4YR,2024,58,8,0,0,0,0
350040,Houston County High School,all,2024,33,18,1,2,0,3
350040,Houston County High School,2YR,2024,33,11,1,1,0,2
350040,Houston County High School,4YR,2024,33,7,0,1,0,1
350045,Houston County Virtual Academy,all,2024,66,14,2,0,0,2
350045,Houston County Virtual Academy,2YR,2024,66,13,2,0,0,2
350045,Houston County Virtual Academy,4YR,2024,66,1,0,0,0,0
290040,Hubbertville School,all,2024,23,10,3,0,0,3
290040,Hubbertville School,2YR,2024,23,10,3,0,0,3
290040,Hubbertville School,4YR,2024,23,0,0,0,0,0
370420,Hueytown High School,all,2024,281,109,7,11,9,27
370420,Hueytown High School,2YR,2024,281,56,2,4,7,13
370420,Hueytown High School,4YR,2024,281,53,5,7,2,14
1140390,Huffman High School-Magnet,all,2024,213,54,4,9,4,17
1140390,Huffman High School-Magnet,2YR,2024,213,14,1,4,0,5
1140390,Huffman High School-Magnet,4YR,2024,213,40,3,5,4,12
1590160,Huntsville High School,all,2024,397,0,0,0,0,0
1590160,Huntsville High School,2YR,2024,397,0,0,0,0,0
1590160,Huntsville High School,4YR,2024,397,0,0,0,0,0
250100,Ider School,all,2024,43,22,2,0,1,3
250100,Ider School,2YR,2024,43,16,2,0,1,3
250100,Ider School,4YR,2024,43,6,0,0,0,0
110060,Isabella High School,all,2024,55,25,4,1,2,7
110060,Isabella High School,2YR,2024,55,17,3,1,2,6
110060,Isabella High School,4YR,2024,55,8,1,0,0,1
500055,J F Shields High School,all,2024,19,12,2,2,1,5
500055,J F Shields High School,2YR,2024,19,0,0,0,0,0
500055,J F Shields High School,4YR,2024,19,12,2,2,1,5
500060,J U Blacksher School,all,2024,43,28,2,3,0,5
500060,J U Blacksher School,2YR,2024,43,20,2,2,0,4
500060,J U Blacksher School,4YR,2024,43,8,0,1,0,1
130065,Jackson High School,all,2024,94,41,5,0,4,9
130065,Jackson High School,2YR,2024,94,20,4,0,3,7
130065,Jackson High School,4YR,2024,94,21,1,0,1,2
1140415,Jackson-Olin High School,all,2024,146,46,7,8,2,17
1140415,Jackson-Olin High School,2YR,2024,146,24,3,4,1,8
1140415,Jackson-Olin High School,4YR,2024,146,22,4,4,1,9
1620020,Jacksonville High School,all,2024,123,62,7,1,1,9
1620020,Jacksonville High School,2YR,2024,123,18,2,1,1,4
1620020,Jacksonville High School,4YR,2024,123,44,5,0,0,5
1690095,James Clemens High School,all,2024,548,273,13,4,5,22
1690095,James Clemens High School,2YR,2024,548,77,10,2,5,17
1690095,James Clemens High School,4YR,2024,548,196,3,2,0,5
1630040,Jasper High School,all,2024,191,116,21,2,4,27
1630040,Jasper High School,2YR,2024,191,64,18,1,3,22
1630040,Jasper High School,4YR,2024,191,52,3,1,1,5
50060,JB Pennington High School,all,2024,72,34,3,1,2,6
50060,JB Pennington High School,2YR,2024,72,29,3,1,2,6
50060,JB Pennington High School,4YR,2024,72,5,0,0,0,0
370432,Jefferson County Virtual School,all,2024,40,8,2,2,0,4
370432,Jefferson County Virtual School,2YR,2024,40,5,1,1,0,2
370432,Jefferson County Virtual School,4YR,2024,40,3,1,1,0,2
110070,Jemison High School,all,2024,129,41,2,0,2,4
110070,Jemison High School,2YR,2024,129,22,0,0,2,2
110070,Jemison High School,4YR,2024,129,19,2,0,0,2
1590172,Jemison High School,all,2024,172,0,0,0,0,0
1590172,Jemison High School,2YR,2024,172,0,0,0,0,0
1590172,Jemison High School,4YR,2024,172,0,0,0,0,0
490730,John L Leflore Magnet School,all,2024,102,38,3,7,4,14
490730,John L Leflore Magnet School,2YR,2024,102,24,2,3,3,8
490730,John L Leflore Magnet School,4YR,2024,102,14,1,4,1,6
510370,Johnson Abernathy Graetz High School,all,2024,296,63,4,8,6,18
510370,Johnson Abernathy Graetz High School,2YR,2024,296,33,3,2,4,9
510370,Johnson Abernathy Graetz High School,4YR,2024,296,30,1,6,2,9
480140,Kate D Smith DAR High School,all,2024,100,36,5,1,0,6
480140,Kate D Smith DAR High School,2YR,2024,100,26,4,1,0,5
480140,Kate D Smith DAR High School,4YR,2024,100,10,1,0,0,1
240080,Keith Middle-High School,all,2024,34,16,1,2,0,3
240080,Keith Middle-High School,2YR,2024,34,9,1,0,0,1
240080,Keith Middle-High School,4YR,2024,34,7,0,2,0,2
160020,Kinston School,all,2024,37,22,0,1,0,1
160020,Kinston School,2YR,2024,37,17,0,1,0,1
160020,Kinston School,4YR,2024,37,5,0,0,0,0
90080,Lafayette High School,all,2024,48,21,3,1,0,4
90080,Lafayette High School,2YR,2024,48,11,1,1,0,2
90080,Lafayette High School,4YR,2024,48,10,2,0,0,2
380090,Lamar County High-Intermediate,all,2024,71,37,15,1,1,17
380090,Lamar County High-Intermediate,2YR,2024,71,32,15,1,1,17
380090,Lamar County High-Intermediate,4YR,2024,71,5,0,0,0,0
1650030,Lanett Senior High School,all,2024,50,1,0,0,0,0
1650030,Lanett Senior High School,2YR,2024,50,1,0,0,0,0
1650030,Lanett Senior High School,4YR,2024,50,0,0,0,0,0
510390,Lanier Senior High School,all,2024,126,37,2,10,1,13
510390,Lanier Senior High School,2YR,2024,126,18,1,2,1,4
510390,Lanier Senior High School,4YR,2024,126,19,1,8,0,9
390070,Lauderdale County High School,all,2024,87,43,3,2,0,5
390070,Lauderdale County High School,2YR,2024,87,19,1,0,0,1
390070,Lauderdale County High School,4YR,2024,87,24,2,2,0,4
400090,Lawrence County High School,all,2024,152,55,6,7,2,15
400090,Lawrence County High School,2YR,2024,152,36,6,5,2,13
400090,Lawrence County High School,4YR,2024,152,19,0,2,0,2
1590200,Lee High School,all,2024,173,1,0,1,0,1
1590200,Lee High School,2YR,2024,173,0,0,0,0,0
1590200,Lee High School,4YR,2024,173,1,0,1,0,1
1670030,Leeds High School,all,2024,144,3,2,0,0,2
1670030,Leeds High School,2YR,2024,144,1,1,0,0,1
1670030,Leeds High School,4YR,2024,144,2,1,0,0,1
650040,Leroy High School,all,2024,44,18,3,0,2,5
650040,Leroy High School,2YR,2024,44,11,1,0,0,1
650040,Leroy High School,4YR,2024,44,7,2,0,2,4
390080,Lexington High School,all,2024,60,35,0,1,0,1
390080,Lexington High School,2YR,2024,60,18,0,0,0,0
390080,Lexington High School,4YR,2024,60,17,0,1,0,1
490800,Lillie B Williamson High School,all,2024,90,34,2,5,0,7
490800,Lillie B Williamson High School,2YR,2024,90,17,2,3,0,5
490800,Lillie B Williamson High School,4YR,2024,90,17,0,2,0,2
610170,Lincoln High School,all,2024,110,50,6,2,0,8
610170,Lincoln High School,2YR,2024,110,24,2,1,0,3
610170,Lincoln High School,4YR,2024,110,26,4,1,0,5
1680030,Linden High School,all,2024,14,3,1,0,0,1
1680030,Linden High School,2YR,2024,14,1,0,0,0,0
1680030,Linden High School,4YR,2024,14,2,1,0,0,1
410030,Loachapoka High School,all,2024,38,15,1,1,1,3
410030,Loachapoka High School,2YR,2024,38,8,1,1,0,2
410030,Loachapoka High School,4YR,2024,38,7,0,0,1,1
50070,Locust Fork High School,all,2024,64,25,2,1,1,4
50070,Locust Fork High School,2YR,2024,64,16,2,1,1,4
50070,Locust Fork High School,4YR,2024,64,9,0,0,0,0
510387,Loveless Academic Magnet Program High,all,2024,98,49,0,0,0,0
510387,Loveless Academic Magnet Program High,2YR,2024,98,2,0,0,0,0
510387,Loveless Academic Magnet Program High,4YR,2024,98,47,0,0,0,0
210050,Luverne High School,all,2024,56,26,2,4,1,7
210050,Luverne High School,2YR,2024,56,11,2,0,0,2
210050,Luverne High School,4YR,2024,56,15,0,4,1,5
670030,Lynn High School,all,2024,26,8,1,0,0,1
670030,Lynn High School,2YR,2024,26,8,1,0,0,1
670030,Lynn High School,4YR,2024,26,0,0,0,0,0
450095,Madison County High School,all,2024,99,49,3,1,3,7
450095,Madison County High School,2YR,2024,99,26,3,0,2,5
450095,Madison County High School,4YR,2024,99,23,0,1,1,2
450250,Madison County Virtual Academy,all,2024,202,42,2,6,0,8
450250,Madison County Virtual Academy,2YR,2024,202,31,1,5,0,6
450250,Madison County Virtual Academy,4YR,2024,202,11,1,1,0,2
8100010,Magic City Acceptance Academy,all,2024,34,14,4,0,2,6
8100010,Magic City Acceptance Academy,2YR,2024,34,2,0,0,1,1
8100010,Magic City Acceptance Academy,4YR,2024,34,12,4,0,1,5
110080,Maplesville High School,all,2024,35,12,0,1,0,1
110080,Maplesville High School,2YR,2024,35,7,0,0,0,0
110080,Maplesville High School,4YR,2024,35,5,0,1,0,1
10050,Marbury High School,all,2024,131,53,11,3,1,15
10050,Marbury High School,2YR,2024,131,23,6,1,1,8
10050,Marbury High School,4YR,2024,131,30,5,2,0,7
460060,Marengo High School,all,2024,13,7,1,0,1,2
460060,Marengo High School,2YR,2024,13,5,0,0,1,1
460060,Marengo High School,4YR,2024,13,2,1,0,0,1
470100,Marion County High School,all,2024,34,14,7,1,0,8
470100,Marion County High School,2YR,2024,34,13,6,1,0,7
470100,Marion County High School,4YR,2024,34,1,1,0,0,1
490460,Mary G Montgomery High School,all,2024,411,126,6,7,4,17
490460,Mary G Montgomery High School,2YR,2024,411,45,2,4,3,9
490460,Mary G Montgomery High School,4YR,2024,411,81,4,3,1,8
490120,Mattie T Blount High School,all,2024,257,106,15,12,4,31
490120,Mattie T Blount High School,2YR,2024,257,61,12,5,4,21
490120,Mattie T Blount High School,4YR,2024,257,45,3,7,0,10
370520,McAdory High School,all,2024,255,104,13,12,4,29
370520,McAdory High School,2YR,2024,255,37,3,1,3,7
370520,McAdory High School,4YR,2024,255,67,10,11,1,22
650050,McIntosh High School,all,2024,21,6,0,0,0,0
650050,McIntosh High School,2YR,2024,21,4,0,0,0,0
650050,McIntosh High School,4YR,2024,21,2,0,0,0,0
510240,McIntyre Comprehensive Academy,all,2024,28,3,0,0,0,0
510240,McIntyre Comprehensive Academy,2YR,2024,28,3,0,0,0,0
510240,McIntyre Comprehensive Academy,4YR,2024,28,0,0,0,0,0
70060,McKenzie High School,all,2024,32,14,0,0,0,0
70060,McKenzie High School,2YR,2024,32,9,0,0,0,0
70060,McKenzie High School,4YR,2024,32,5,0,0,0,0
670040,Meek High School,all,2024,42,15,0,0,0,0
670040,Meek High School,2YR,2024,42,14,0,0,0,0
670040,Meek High School,4YR,2024,42,1,0,0,0,0
1710020,Midfield High School,all,2024,72,20,2,1,1,4
1710020,Midfield High School,2YR,2024,72,6,0,0,0,0
1710020,Midfield High School,4YR,2024,72,14,2,1,1,4
650060,Millry High School,all,2024,40,15,1,1,0,2
650060,Millry High School,2YR,2024,40,9,0,0,0,0
650060,Millry High School,4YR,2024,40,6,1,1,0,2
370585,Minor High School,all,2024,236,83,7,5,4,16
370585,Minor High School,2YR,2024,236,33,2,2,3,7
370585,Minor High School,4YR,2024,236,50,5,3,1,9
500070,Monroe County High School,all,2024,79,32,3,0,1,4
500070,Monroe County High School,2YR,2024,79,19,2,0,1,3
500070,Monroe County High School,4YR,2024,79,13,1,0,0,1
590060,Montevallo High School,all,2024,113,37,3,0,3,6
590060,Montevallo High School,2YR,2024,113,13,0,0,2,2
590060,Montevallo High School,4YR,2024,113,24,3,0,1,4
580075,Moody High School,all,2024,131,62,5,3,3,11
580075,Moody High School,2YR,2024,131,13,1,0,1,2
580075,Moody High School,4YR,2024,131,49,4,3,2,9
370610,Mortimer Jordan High School,all,2024,191,97,8,2,5,15
370610,Mortimer Jordan High School,2YR,2024,191,47,3,0,5,8
370610,Mortimer Jordan High School,4YR,2024,191,50,5,2,0,7
1750050,Mountain Brook High School,all,2024,315,167,7,1,1,9
1750050,Mountain Brook High School,2YR,2024,315,11,1,1,1,3
1750050,Mountain Brook High School,4YR,2024,315,156,6,0,0,6
610120,Munford High School,all,2024,90,44,3,1,0,4
610120,Munford High School,2YR,2024,90,13,1,0,0,1
610120,Munford High School,4YR,2024,90,31,2,1,0,3
490530,Murphy High School,all,2024,298,146,11,8,3,22
490530,Murphy High School,2YR,2024,298,50,8,1,2,11
490530,Murphy High School,4YR,2024,298,96,3,7,1,11
1760040,Muscle Shoals High School,all,2024,203,132,8,4,2,14
1760040,Muscle Shoals High School,2YR,2024,203,53,6,4,2,12
1760040,Muscle Shoals High School,4YR,2024,203,79,2,0,0,2
160040,New Brockton High School,all,2024,80,42,4,2,1,7
160040,New Brockton High School,2YR,2024,80,33,2,2,0,4
160040,New Brockton High School,4YR,2024,80,9,2,0,1,3
1590460,New Century Technology High School,all,2024,99,0,0,0,0,0
1590460,New Century Technology High School,2YR,2024,99,0,0,0,0,0
1590460,New Century Technology High School,4YR,2024,99,0,0,0,0,0
450140,New Hope High School,all,2024,82,23,3,0,0,3
450140,New Hope High School,2YR,2024,82,18,2,0,0,2
450140,New Hope High School,4YR,2024,82,5,1,0,0,1
360075,North Jackson High School,all,2024,74,26,0,1,0,1
360075,North Jackson High School,2YR,2024,74,17,0,1,0,1
360075,North Jackson High School,4YR,2024,74,9,0,0,0,0
360080,North Sand Mountain School,all,2024,65,24,2,0,0,2
360080,North Sand Mountain School,2YR,2024,65,23,2,0,0,2
360080,North Sand Mountain School,4YR,2024,65,1,0,0,0,0
2000075,Northridge High School,all,2024,274,155,16,4,5,25
2000075,Northridge High School,2YR,2024,274,34,7,2,3,12
2000075,Northridge High School,4YR,2024,274,121,9,2,2,13
630160,Northside High School,all,2024,92,34,7,0,1,8
630160,Northside High School,2YR,2024,92,24,4,0,1,5
630160,Northside High School,4YR,2024,92,10,3,0,0,3
440060,Notasulga High School,all,2024,21,7,0,1,0,1
440060,Notasulga High School,2YR,2024,21,0,0,0,0,0
440060,Notasulga High School,4YR,2024,21,7,0,1,0,1
370690,Oak Grove High School,all,2024,89,38,13,0,0,13
370690,Oak Grove High School,2YR,2024,89,17,7,0,0,7
370690,Oak Grove High School,4YR,2024,89,21,6,0,0,6
590081,Oak Mountain High School,all,2024,394,213,13,4,3,20
590081,Oak Mountain High School,2YR,2024,394,51,8,0,3,11
590081,Oak Mountain High School,4YR,2024,394,162,5,4,0,9
640170,Oakman High School,all,2024,53,22,3,1,0,4
640170,Oakman High School,2YR,2024,53,18,3,1,0,4
640170,Oakman High School,4YR,2024,53,4,0,0,0,0
80130,Ohatchee High School,all,2024,51,21,1,0,0,1
80130,Ohatchee High School,2YR,2024,51,10,0,0,0,0
80130,Ohatchee High School,4YR,2024,51,11,1,0,0,1
1780020,Oneonta High School,all,2024,113,66,7,2,0,9
1780020,Oneonta High School,2YR,2024,113,34,4,2,0,6
1780020,Oneonta High School,4YR,2024,113,32,3,0,0,3
1790055,Opelika High School,all,2024,287,159,21,9,7,37
1790055,Opelika High School,2YR,2024,287,77,11,8,6,25
1790055,Opelika High School,4YR,2024,287,82,10,1,1,12
1800010,Opp High School,all,2024,85,53,8,1,1,10
1800010,Opp High School,2YR,2024,85,30,5,0,1,6
1800010,Opp High School,4YR,2024,85,23,3,1,0,4
1740020,Orange Beach Middle/High School,all,2024,108,54,0,4,1,5
1740020,Orange Beach Middle/High School,2YR,2024,108,19,0,4,1,5
1740020,Orange Beach Middle/High School,4YR,2024,108,35,0,0,0,0
1810020,Oxford High School,all,2024,305,146,16,7,4,27
1810020,Oxford High School,2YR,2024,305,37,6,3,4,13
1810020,Oxford High School,4YR,2024,305,109,10,4,0,14
510478,Park Crossing High School,all,2024,179,85,9,16,2,27
510478,Park Crossing High School,2YR,2024,179,26,2,3,1,6
510478,Park Crossing High School,4YR,2024,179,59,7,13,1,21
1140630,Parker High School,all,2024,160,67,8,12,1,21
1140630,Parker High School,2YR,2024,160,13,2,1,0,3
1140630,Parker High School,4YR,2024,160,54,6,11,1,18
2000055,Paul W Bryant High School,all,2024,225,92,17,7,3,27
2000055,Paul W Bryant High School,2YR,2024,225,35,7,2,3,12
2000055,Paul W Bryant High School,4YR,2024,225,57,10,5,0,15
1770085,Pelham High School,all,2024,254,0,0,0,0,0
1770085,Pelham High School,2YR,2024,254,0,0,0,0,0
1770085,Pelham High School,4YR,2024,254,0,0,0,0,0
1830100,Pell City High School,all,2024,253,113,11,4,4,19
1830100,Pell City High School,2YR,2024,253,35,5,0,2,7
1830100,Pell City High School,4YR,2024,253,78,6,4,2,12
510400,Percy Julian High School,all,2024,236,48,0,5,6,11
510400,Percy Julian High School,2YR,2024,236,14,0,1,2,3
510400,Percy Julian High School,4YR,2024,236,34,0,4,4,8
300030,Phil Campbell High School,all,2024,63,22,1,1,0,2
300030,Phil Campbell High School,2YR,2024,63,17,1,1,0,2
300030,Phil Campbell High School,4YR,2024,63,5,0,0,0,0
470110,Phillips High School,all,2024,35,18,1,0,0,1
470110,Phillips High School,2YR,2024,35,14,1,0,0,1
470110,Phillips High School,4YR,2024,35,4,0,0,0,0
540080,Pickens County High School,all,2024,39,11,4,0,0,4
540080,Pickens County High School,2YR,2024,39,5,3,0,0,3
540080,Pickens County High School,4YR,2024,39,6,1,0,0,1
1850020,Piedmont High School,all,2024,69,40,6,0,0,6
1850020,Piedmont High School,2YR,2024,69,11,0,0,0,0
1850020,Piedmont High School,4YR,2024,69,29,6,0,0,6
550040,Pike County High School,all,2024,75,17,0,2,0,2
550040,Pike County High School,2YR,2024,75,5,0,0,0,0
550040,Pike County High School,4YR,2024,75,12,0,2,0,2
1860015,Pike Road High School,all,2024,166,64,3,5,3,11
1860015,Pike Road High School,2YR,2024,166,16,2,2,2,6
1860015,Pike Road High School,4YR,2024,166,48,1,3,1,5
370710,Pinson Valley High School,all,2024,255,98,15,5,9,29
370710,Pinson Valley High School,2YR,2024,255,51,4,2,5,11
370710,Pinson Valley High School,4YR,2024,255,47,11,3,4,18
360100,Pisgah High School,all,2024,52,23,2,0,1,3
360100,Pisgah High School,2YR,2024,52,20,2,0,1,3
360100,Pisgah High School,4YR,2024,52,3,0,0,0,0
250130,Plainview School,all,2024,84,45,3,1,0,4
250130,Plainview School,2YR,2024,84,37,3,0,0,3
250130,Plainview School,4YR,2024,84,8,0,1,0,1
370735,Pleasant Grove High School,all,2024,144,68,11,6,4,21
370735,Pleasant Grove High School,2YR,2024,144,18,1,1,3,5
370735,Pleasant Grove High School,4YR,2024,144,50,10,5,1,16
200050,Pleasant Home School,all,2024,37,17,1,1,2,4
200050,Pleasant Home School,2YR,2024,37,13,1,1,2,4
200050,Pleasant Home School,4YR,2024,37,4,0,0,0,0
80135,Pleasant Valley High School,all,2024,57,25,2,1,0,3
80135,Pleasant Valley High School,2YR,2024,57,13,2,1,0,3
80135,Pleasant Valley High School,4YR,2024,57,12,0,0,0,0
10086,Prattville High School,all,2024,396,178,16,16,5,37
10086,Prattville High School,2YR,2024,396,58,6,4,4,14
10086,Prattville High School,4YR,2024,396,120,10,12,1,23
520150,Priceville High School,all,2024,121,64,1,1,2,4
520150,Priceville High School,2YR,2024,121,29,1,1,2,4
520150,Priceville High School,4YR,2024,121,35,0,0,0,0
580120,Ragland High School,all,2024,24,12,2,0,0,2
580120,Ragland High School,2YR,2024,24,5,1,0,0,1
580120,Ragland High School,4YR,2024,24,7,1,0,0,1
1140720,Ramsay High School,all,2024,147,98,9,5,2,16
1140720,Ramsay High School,2YR,2024,147,6,1,2,1,4
1140720,Ramsay High School,4YR,2024,147,92,8,3,1,12
150050,Ranburne High School,all,2024,55,25,2,0,0,2
150050,Ranburne High School,2YR,2024,55,9,0,0,0,0
150050,Ranburne High School,4YR,2024,55,16,2,0,0,2
560020,Randolph County High School,all,2024,71,20,1,1,0,2
560020,Randolph County High School,2YR,2024,71,9,0,0,0,0
560020,Randolph County High School,4YR,2024,71,11,1,1,0,2
300040,Red Bay High School,all,2024,66,12,0,0,0,0
300040,Red Bay High School,2YR,2024,66,6,0,0,0,0
300040,Red Bay High School,4YR,2024,66,6,0,0,0,0
200065,Red Level School,all,2024,29,15,0,1,0,1
200065,Red Level School,2YR,2024,29,11,0,1,0,1
200065,Red Level School,4YR,2024,29,4,0,0,0,0
620080,Reeltown High School,all,2024,51,18,1,1,2,4
620080,Reeltown High School,2YR,2024,51,11,1,0,1,2
620080,Reeltown High School,4YR,2024,51,7,0,1,1,2
350050,Rehobeth High School,all,2024,164,72,5,2,0,7
350050,Rehobeth High School,2YR,2024,164,44,3,1,0,4
350050,Rehobeth High School,4YR,2024,164,28,2,1,0,3
530040,Robert C Hatch High School,all,2024,15,10,1,2,0,3
530040,Robert C Hatch High School,2YR,2024,15,6,1,0,0,1
530040,Robert C Hatch High School,4YR,2024,15,4,0,2,0,2
20117,Robertsdale High School,all,2024,331,117,8,3,3,14
20117,Robertsdale High School,2YR,2024,331,64,5,3,3,11
20117,Robertsdale High School,4YR,2024,331,53,3,0,0,3
390110,Rogers High School,all,2024,90,32,0,2,0,2
390110,Rogers High School,2YR,2024,90,16,0,0,0,0
390110,Rogers High School,4YR,2024,90,16,0,2,0,2
570065,Russell County High School,all,2024,226,3,0,0,0,0
570065,Russell County High School,2YR,2024,226,1,0,0,0,0
570065,Russell County High School,4YR,2024,226,2,0,0,0,0
1890030,Russellville High School,all,2024,213,102,6,1,0,7
1890030,Russellville High School,2YR,2024,213,68,6,0,0,6
1890030,Russellville High School,4YR,2024,213,34,0,1,0,1
580140,Saint Clair County High School,all,2024,124,49,11,0,2,13
580140,Saint Clair County High School,2YR,2024,124,14,2,0,1,3
580140,Saint Clair County High School,4YR,2024,124,35,9,0,1,10
1910115,Saints Virtual Academy,all,2024,17,4,0,0,0,0
1910115,Saints Virtual Academy,2YR,2024,17,4,0,0,0,0
1910115,Saints Virtual Academy,4YR,2024,17,0,0,0,0,0
80160,Saks High School,all,2024,71,27,3,2,1,6
80160,Saks High School,2YR,2024,71,9,1,2,1,4
80160,Saks High School,4YR,2024,71,18,2,0,0,2
310040,Samson High School,all,2024,47,21,2,1,1,4
310040,Samson High School,2YR,2024,47,18,2,0,1,3
310040,Samson High School,4YR,2024,47,3,0,1,0,1
100100,Sand Rock High School,all,2024,42,21,1,0,2,3
100100,Sand Rock High School,2YR,2024,42,17,1,0,2,3
100100,Sand Rock High School,4YR,2024,42,4,0,0,0,0
1870635,Saraland High School,all,2024,261,110,8,1,2,11
1870635,Saraland High School,2YR,2024,261,38,3,1,1,5
1870635,Saraland High School,4YR,2024,261,72,5,0,1,6
280120,Sardis High School,all,2024,127,58,1,1,2,4
280120,Sardis High School,2YR,2024,127,45,1,1,2,4
280120,Sardis High School,4YR,2024,127,13,0,0,0,0
1960020,Satsuma High School,all,2024,114,59,6,3,2,11
1960020,Satsuma High School,2YR,2024,114,27,6,3,2,11
1960020,Satsuma High School,4YR,2024,114,32,0,0,0,0
580160,SCC Virtual Preparatory Academy,all,2024,130,25,2,2,3,7
580160,SCC Virtual Preparatory Academy,2YR,2024,130,16,1,2,2,5
580160,SCC Virtual Preparatory Academy,4YR,2024,130,9,1,0,1,2
1900030,Scottsboro High School,all,2024,163,88,11,2,4,17
1900030,Scottsboro High School,2YR,2024,163,59,11,1,4,16
1900030,Scottsboro High School,4YR,2024,163,29,0,1,0,1
360120,Section High School,all,2024,44,18,0,1,0,1
360120,Section High School,2YR,2024,44,13,0,1,0,1
360120,Section High School,4YR,2024,44,5,0,0,0,0
1910110,Selma High School,all,2024,147,68,4,6,1,11
1910110,Selma High School,2YR,2024,147,34,2,0,0,2
1910110,Selma High School,4YR,2024,147,34,2,6,1,9
370795,Shades Valley High School,all,2024,264,140,11,9,3,23
370795,Shades Valley High School,2YR,2024,264,43,4,4,2,10
370795,Shades Valley High School,4YR,2024,264,97,7,5,1,13
1920050,Sheffield High School,all,2024,46,18,2,3,0,5
1920050,Sheffield High School,2YR,2024,46,6,1,0,0,1
1920050,Sheffield High School,4YR,2024,46,12,1,3,0,4
590090,Shelby County High School,all,2024,123,46,2,1,0,3
590090,Shelby County High School,2YR,2024,123,21,0,1,0,1
590090,Shelby County High School,4YR,2024,123,25,2,0,0,2
630166,Sipsey Valley High School,all,2024,112,41,4,3,1,8
630166,Sipsey Valley High School,2YR,2024,112,24,0,2,1,3
630166,Sipsey Valley High School,4YR,2024,112,17,4,1,0,5
360130,Skyline High School,all,2024,50,25,2,0,0,2
360130,Skyline High School,2YR,2024,50,19,2,0,0,2
360130,Skyline High School,4YR,2024,50,6,0,0,0,0
310060,Slocomb High School,all,2024,87,39,5,0,1,6
310060,Slocomb High School,2YR,2024,87,27,3,0,1,4
310060,Slocomb High School,4YR,2024,87,12,2,0,0,2
410060,Smiths Station High School,all,2024,397,158,13,14,4,31
410060,Smiths Station High School,2YR,2024,397,77,5,5,2,12
410060,Smiths Station High School,4YR,2024,397,81,8,9,2,19
380055,South Lamar School,all,2024,40,22,4,0,1,5
380055,South Lamar School,2YR,2024,40,19,4,0,1,5
380055,South Lamar School,4YR,2024,40,3,0,0,0,0
50105,Southeastern School,all,2024,67,21,2,2,0,4
50105,Southeastern School,2YR,2024,67,12,1,1,0,2
50105,Southeastern School,4YR,2024,67,9,1,1,0,2
120080,Southern Choctaw High School,all,2024,28,10,1,0,3,4
120080,Southern Choctaw High School,2YR,2024,28,3,0,0,0,0
120080,Southern Choctaw High School,4YR,2024,28,7,1,0,3,4
240120,Southside High School,all,2024,49,18,1,1,1,3
240120,Southside High School,2YR,2024,49,10,0,0,1,1
240120,Southside High School,4YR,2024,49,8,1,1,0,2
280130,Southside High School,all,2024,187,121,9,3,1,13
280130,Southside High School,2YR,2024,187,64,4,3,1,8
280130,Southside High School,4YR,2024,187,57,5,0,0,5
1580010,Spain Park High School,all,2024,388,230,13,3,7,23
1580010,Spain Park High School,2YR,2024,388,48,4,2,5,11
1580010,Spain Park High School,4YR,2024,388,182,9,1,2,12
20145,Spanish Fort High School,all,2024,288,130,11,0,1,12
20145,Spanish Fort High School,2YR,2024,288,37,6,0,0,6
20145,Spanish Fort High School,4YR,2024,288,93,5,0,1,6
450190,Sparkman High School,all,2024,534,264,27,13,7,47
450190,Sparkman High School,2YR,2024,534,85,17,4,5,26
450190,Sparkman High School,4YR,2024,534,179,10,9,2,21
100110,Spring Garden High School,all,2024,38,11,1,0,0,1
100110,Spring Garden High School,2YR,2024,38,7,0,0,0,0
100110,Spring Garden High School,4YR,2024,38,4,1,0,0,1
580130,Springville High School,all,2024,163,92,11,2,1,14
580130,Springville High School,2YR,2024,163,33,4,1,0,5
580130,Springville High School,4YR,2024,163,59,7,1,1,9
260050,Stanhope Elmore High School,all,2024,214,100,10,12,4,26
260050,Stanhope Elmore High School,2YR,2024,214,36,3,6,2,11
260050,Stanhope Elmore High School,4YR,2024,214,64,7,6,2,15
200080,Straughn High School,all,2024,93,58,8,2,1,11
200080,Straughn High School,2YR,2024,93,45,8,1,1,10
200080,Straughn High School,4YR,2024,93,13,0,1,0,1
380060,Sulligent School,all,2024,51,28,6,0,1,7
380060,Sulligent School,2YR,2024,51,25,5,0,1,6
380060,Sulligent School,4YR,2024,51,3,1,0,0,1
600080,Sumter Central High School,all,2024,64,29,4,0,6,10
600080,Sumter Central High School,2YR,2024,64,8,1,0,1,2
600080,Sumter Central High School,4YR,2024,64,21,3,0,5,8
50120,Susan Moore High School,all,2024,75,28,6,1,0,7
50120,Susan Moore High School,2YR,2024,75,25,5,1,0,6
50120,Susan Moore High School,4YR,2024,75,3,1,0,0,1
460090,Sweet Water High School,all,2024,28,16,0,1,1,2
460090,Sweet Water High School,2YR,2024,28,8,0,0,1,1
460090,Sweet Water High School,4YR,2024,28,8,0,1,0,1
1930050,Sylacauga High School,all,2024,159,76,11,4,3,18
1930050,Sylacauga High School,2YR,2024,159,31,2,2,3,7
1930050,Sylacauga High School,4YR,2024,159,45,9,2,0,11
250150,Sylvania School,all,2024,64,30,0,1,0,1
250150,Sylvania School,2YR,2024,64,21,0,1,0,1
250150,Sylvania School,4YR,2024,64,9,0,0,0,0
610060,Talladega County Central High,all,2024,14,5,2,0,0,2
610060,Talladega County Central High,2YR,2024,14,2,1,0,0,1
610060,Talladega County Central High,4YR,2024,14,3,1,0,0,1
1940080,Talladega High School,all,2024,92,29,3,0,1,4
1940080,Talladega High School,2YR,2024,92,10,1,0,1,2
1940080,Talladega High School,4YR,2024,92,19,2,0,0,2
1950030,Tallassee High School,all,2024,114,51,7,4,1,12
1950030,Tallassee High School,2YR,2024,114,19,1,0,1,2
1950030,Tallassee High School,4YR,2024,114,32,6,4,0,10
420120,Tanner High School,all,2024,53,18,3,2,1,6
420120,Tanner High School,2YR,2024,53,12,2,1,1,4
420120,Tanner High School,4YR,2024,53,6,1,1,0,2
1970030,Tarrant High School,all,2024,71,14,2,3,0,5
1970030,Tarrant High School,2YR,2024,71,7,1,1,0,2
1970030,Tarrant High School,4YR,2024,71,7,1,2,0,3
300065,Tharptown High School,all,2024,55,25,1,0,1,2
300065,Tharptown High School,2YR,2024,55,22,1,0,1,2
300065,Tharptown High School,4YR,2024,55,3,0,0,0,0
490715,Theodore High School,all,2024,287,69,2,3,2,7
490715,Theodore High School,2YR,2024,287,30,2,2,2,6
490715,Theodore High School,4YR,2024,287,39,0,1,0,1
1980010,Thomasville High School,all,2024,65,37,4,2,1,7
1980010,Thomasville High School,2YR,2024,65,13,0,1,0,1
1980010,Thomasville High School,4YR,2024,65,24,4,1,1,6
1030050,Thompson High School,all,2024,559,290,15,6,7,28
1030050,Thompson High School,2YR,2024,559,66,1,4,5,10
1030050,Thompson High School,4YR,2024,559,224,14,2,2,18
110100,Thorsby High School,all,2024,39,18,0,0,2,2
110100,Thorsby High School,2YR,2024,39,10,0,0,0,0
110100,Thorsby High School,4YR,2024,39,8,0,0,2,2
1160030,TR Miller High School,all,2024,79,43,2,1,0,3
1160030,TR Miller High School,2YR,2024,79,21,2,0,0,2
1160030,TR Miller High School,4YR,2024,79,22,0,1,0,1
630180,Tuscaloosa County High School,all,2024,335,173,19,8,4,31
630180,Tuscaloosa County High School,2YR,2024,335,91,10,5,4,19
630180,Tuscaloosa County High School,4YR,2024,335,82,9,3,0,12
8010020,University Charter School - Secondary,all,2024,37,18,1,1,1,3
8010020,University Charter School - Secondary,2YR,2024,37,0,0,0,0,0
8010020,University Charter School - Secondary,4YR,2024,37,18,1,1,1,3
250170,Valley Head High School,all,2024,30,11,1,0,0,1
250170,Valley Head High School,2YR,2024,30,8,1,0,0,1
250170,Valley Head High School,4YR,2024,30,3,0,0,0,0
90140,Valley High School,all,2024,106,43,6,2,4,12
90140,Valley High School,2YR,2024,106,21,4,1,4,9
90140,Valley High School,4YR,2024,106,22,2,1,0,3
110110,Verbena High School,all,2024,52,14,0,0,0,0
110110,Verbena High School,2YR,2024,52,9,0,0,0,0
110110,Verbena High School,4YR,2024,52,5,0,0,0,0
2020020,Vestavia Hills High School,all,2024,524,319,7,4,6,17
2020020,Vestavia Hills High School,2YR,2024,524,25,2,2,3,7
2020020,Vestavia Hills High School,4YR,2024,524,294,5,2,3,10
300090,Vina High School,all,2024,23,9,0,0,0,0
300090,Vina High School,2YR,2024,23,8,0,0,0,0
300090,Vina High School,4YR,2024,23,1,0,0,0,0
590160,Vincent Middle High School,all,2024,65,23,2,0,1,3
590160,Vincent Middle High School,2YR,2024,65,14,2,0,1,3
590160,Vincent Middle High School,4YR,2024,65,9,0,0,0,0
220140,Vinemont High School,all,2024,75,26,1,0,0,1
220140,Vinemont High School,2YR,2024,75,19,1,0,0,1
220140,Vinemont High School,4YR,2024,75,7,0,0,0,0
1590340,Virgil Grissom High School,all,2024,387,1,0,1,0,1
1590340,Virgil Grissom High School,2YR,2024,387,0,0,0,0,0
1590340,Virgil Grissom High School,4YR,2024,387,1,0,1,0,1
270110,W S Neal High School,all,2024,81,32,2,1,1,4
270110,W S Neal High School,2YR,2024,81,21,0,0,1,1
270110,W S Neal High School,4YR,2024,81,11,2,1,0,3
560040,Wadley High School,all,2024,28,12,3,0,1,4
560040,Wadley High School,2YR,2024,28,10,1,0,1,2
560040,Wadley High School,4YR,2024,28,2,2,0,0,2
650090,Washington County High School,all,2024,56,27,3,1,2,6
650090,Washington County High School,2YR,2024,56,17,2,1,1,4
650090,Washington County High School,4YR,2024,56,10,1,0,1,2
390130,Waterloo High School,all,2024,23,8,0,0,1,1
390130,Waterloo High School,2YR,2024,23,6,0,0,1,1
390130,Waterloo High School,4YR,2024,23,2,0,0,0,0
80180,Weaver High School,all,2024,78,35,1,1,1,3
80180,Weaver High School,2YR,2024,78,12,0,1,1,2
80180,Weaver High School,4YR,2024,78,23,1,0,0,1
80200,Wellborn High School,all,2024,66,23,5,0,0,5
80200,Wellborn High School,2YR,2024,66,6,2,0,0,2
80200,Wellborn High School,4YR,2024,66,17,3,0,0,3
1140858,Wenonah High School,all,2024,139,53,4,11,2,17
1140858,Wenonah High School,2YR,2024,139,16,2,3,1,6
1140858,Wenonah High School,4YR,2024,139,37,2,8,1,11
40080,West Blocton High School,all,2024,87,32,0,2,2,4
40080,West Blocton High School,2YR,2024,87,18,0,1,2,3
40080,West Blocton High School,4YR,2024,87,14,0,1,0,1
280150,West End High School,all,2024,53,24,2,2,1,5
280150,West End High School,2YR,2024,53,22,1,2,1,4
280150,West End High School,4YR,2024,53,2,1,0,0,1
420140,West Limestone High School,all,2024,94,37,2,2,0,4
420140,West Limestone High School,2YR,2024,94,23,2,1,0,3
420140,West Limestone High School,4YR,2024,94,14,0,1,0,1
520180,West Morgan High School,all,2024,110,37,5,3,0,8
520180,West Morgan High School,2YR,2024,110,25,4,1,0,5
520180,West Morgan High School,4YR,2024,110,12,1,2,0,3
220160,West Point High School,all,2024,125,47,3,1,1,5
220160,West Point High School,2YR,2024,125,39,3,1,1,5
220160,West Point High School,4YR,2024,125,8,0,0,0,0
260070,Wetumpka High School,all,2024,271,138,13,10,4,27
260070,Wetumpka High School,2YR,2024,271,34,6,2,2,10
260070,Wetumpka High School,4YR,2024,271,104,7,8,2,17
80210,White Plains High School,all,2024,112,69,8,2,2,12
80210,White Plains High School,2YR,2024,112,29,4,2,2,8
80210,White Plains High School,4YR,2024,112,40,4,0,0,4
350080,Wicksburg High School,all,2024,69,41,0,3,0,3
350080,Wicksburg High School,2YR,2024,69,22,0,3,0,3
350080,Wicksburg High School,4YR,2024,69,19,0,0,0,0
660135,Wilcox Central High School,all,2024,82,28,1,2,5,8
660135,Wilcox Central High School,2YR,2024,82,13,1,0,1,2
660135,Wilcox Central High School,4YR,2024,82,15,0,2,4,6
390140,Wilson High School,all,2024,100,39,1,1,2,4
390140,Wilson High School,2YR,2024,100,26,1,1,2,4
390140,Wilson High School,4YR,2024,100,13,0,0,0,0
2040020,Winfield High School,all,2024,75,33,3,0,1,4
2040020,Winfield High School,2YR,2024,75,21,3,0,1,4
2040020,Winfield High School,4YR,2024,75,12,0,0,0,0
670060,Winston County High School,all,2024,50,19,3,0,0,3
670060,Winston County High School,2YR,2024,50,16,3,0,0,3
670060,Winston County High School,4YR,2024,50,3,0,0,0,0
610180,Winterboro High School,all,2024,29,8,1,0,1,2
610180,Winterboro High School,2YR,2024,29,3,0,0,1,1
610180,Winterboro High School,4YR,2024,29,5,1,0,0,1
560060,Woodland High School,all,2024,41,23,3,0,0,3
560060,Woodland High School,2YR,2024,41,16,3,0,0,3
560060,Woodland High School,4YR,2024,41,7,0,0,0,0
1140920,Woodlawn High School-Magnet,all,2024,162,39,5,5,3,13
1140920,Woodlawn High School-Magnet,2YR,2024,162,12,1,1,2,4
1140920,Woodlawn High School-Magnet,4YR,2024,162,27,4,4,1,9
360150,Woodville High School,all,2024,29,9,0,0,0,0
360150,Woodville High School,2YR,2024,29,6,0,0,0,0
360150,Woodville High School,4YR,2024,29,3,0,0,0,0
490230,WP Davidson High School,all,2024,292,129,6,6,6,18
490230,WP Davidson High School,2YR,2024,292,53,4,5,6,15
490230,WP Davidson High School,4YR,2024,292,76,2,1,0,3
160060,Zion Chapel High School,all,2024,54,26,1,7,0,8
160060,Zion Chapel High School,2YR,2024,54,16,0,4,0,4
160060,Zion Chapel High School,4YR,2024,54,10,1,3,0,4
